name,email,number,password
Ariadne,adalliston0@nymag.com,5139461115,YrPipEPiqw
Dalton,dseckom1@unesco.org,1644475402,HMgMOF
Rube,rcotman2@hhs.gov,7945803561,qUTmSjYkGCg
Heath,hloachhead3@webeden.co.uk,2640279594,5r6IOf
Shelly,suridge4@omniture.com,3623370897,DXubuW2U
Alaster,aspinas5@gravatar.com,4185684745,K0x2sTcnRqPc
Nathanil,ndassindale6@qq.com,3922189728,kQfIFoHf7kR
Therine,tamner7@studiopress.com,9538612933,n39DdmZ
Carmine,cgladbach8@mtv.com,1935000889,nkUAGc8cN
Reynolds,rbevan9@storify.com,9828310274,gBWcCA3qn
